[{"model": "books.category", "pk": 1, "fields": {"name": "Science Fiction", "description": "Imaginacyjna i futurystyczna fikcja oparta na postępach naukowych lub technologicznych"}}, {"model": "books.category", "pk": 2, "fields": {"name": "Fantasy", "description": "Fikcja zawierająca magię lub elementy nadprzyrodzone"}}, {"model": "books.category", "pk": 3, "fields": {"name": "Non-Fiction", "description": "Książki informacyjne oparte na faktach i prawdziwych wydarzeniach"}}, {"model": "books.category", "pk": 4, "fields": {"name": "Kryminał", "description": "Fikcja zajmująca się rozwiązaniem zbrodni lub rozwikłaniem zagadki"}}, {"model": "books.category", "pk": 5, "fields": {"name": "Biografia", "description": "Niefikcyjne relacje z życia danej osoby"}}, {"model": "books.book", "pk": 1, "fields": {"title": "Diuna", "author": "Frank Herbert", "category": 1, "published_date": "1965-08-01", "isbn": "9780441172719", "description": "Powieść science fiction o podróży młodego szlachcica na pustynnej planecie", "total_copies": 5, "ai_image": "book_covers/Diuna_cover.jpg"}}, {"model": "books.book", "pk": 2, "fields": {"title": "Władca Pierścieni", "author": "J.R.R. Tolkien", "category": 2, "published_date": "1954-07-29", "isbn": "9780261102385", "description": "Epicka powieść fantasy o hobbitach na misji zniszczenia potężnego pierścienia", "total_copies": 3, "ai_image": "book_covers/Władca_Pierścieni_cover.jpg"}}, {"model": "books.book", "pk": 3, "fields": {"title": "Hobbit", "author": "J.R.R. Tolkien", "category": 2, "published_date": "1937-09-21", "isbn": "9780345339683", "description": "Prequel Władcy Pierścieni, opowiadający o przygodzie Bilbo Bagginsa", "total_copies": 1, "ai_image": "book_covers/Hobbit_cover.jpg"}}, {"model": "books.book", "pk": 4, "fields": {"title": "Zabić drozda", "author": "Harper Lee", "category": 3, "published_date": "1960-07-11", "isbn": "9780061120084", "description": "Powieść osadzona na głębokim południu USA, poruszająca poważne tematy, takie jak niesprawiedliwość rasowa.", "total_copies": 2, "ai_image": "book_covers/Zabić_drozda_cover.jpg"}}, {"model": "books.book", "pk": 5, "fields": {"title": "Wielki Gatsby", "author": "F. Scott Fitzgerald", "category": 3, "published_date": "1925-04-10", "isbn": "9780743273565", "description": "Powieść o amerykańskim śnie i życiu w czasach jazzu.", "total_copies": 3, "ai_image": "book_covers/Wielki_Gatsby_cover.jpg"}}, {"model": "books.book", "pk": 6, "fields": {"title": "Wiedźmin: Ostatnie życzenie", "author": "Andrzej Sapkowski", "category": 2, "published_date": "1993-02-03", "isbn": "9788375780386", "description": "Pierwsza książka z serii o Geralcie z Rivii, wiedźminie - mutancie polujących na monstra. Zbiór opowiadań wprowadzających czytelnika w mroczny świat pełen magii, potworów i niebezpiecznych intryg. Książka przedstawia genezę postaci Geralta, jego umiejętności i zasady moralne, które kierują jego życiem.", "total_copies": 5, "ai_image": "book_covers/Wiedźmin_Ostatnie_życzenie_cover.jpg"}}, {"model": "books.book", "pk": 7, "fields": {"title": "Mrok w sam raz", "author": "Remigiusz Mróz", "category": 4, "published_date": "2017-08-08", "isbn": "9788381252019", "description": "Kryminał o młodej prokuratorce Joannie Chyłce, która prowadzi śledztwo w skomplikowanej sprawie zabójstwa. Książka pełna zwrotów akcji, psychologicznych zagadek i mrocznej atmosfery śledztwa, która wciąga czytelnika od pierwszych stron.", "total_copies": 6, "ai_image": "book_covers/Mrok_w_sam_raz_cover.jpg"}}, {"model": "books.book", "pk": 8, "fields": {"title": "Solaris", "author": "Stanisław Lem", "category": 1, "published_date": "1961-12-12", "isbn": "9788379989012", "description": "Klasyczna powieść science fiction badająca granice ludzkiego poznania i komunikacji z całkowicie obcą formą inteligencji. Opowiada o psychologicznych zmaganiach naukowców próbujących zrozumieć tajemniczą, myślącą planetę Solaris, która materializuje ich najskrytsze wspomnienia i pragnienia.", "total_copies": 10, "ai_image": "book_covers/Solaris_cover.jpg"}}, {"model": "books.book", "pk": 9, "fields": {"title": "Krótka historia czasu", "author": "Stephen Hawking", "category": 3, "published_date": "1988-09-29", "isbn": "9788375797367", "description": "Przełomowa książka popularnonaukowa wyjaśniająca skomplikowane zagadnienia fizyki i kosmosu w przystępny sposób. Hawking przedstawia fundamentalne koncepcje dotyczące przestrzeni, czasu, czarnych dziur i początków wszechświata, czyniąc je zrozumiałymi dla szerokiego grona czytelników.", "total_copies": 3, "ai_image": "book_covers/Krótka_historia_czasu_cover.jpg"}}, {"model": "books.book", "pk": 10, "fields": {"title": "Dzienniki gwałtu", "author": "Zofia Nałkowska", "category": 5, "published_date": "1946-05-17", "isbn": "9788375781321", "description": "Wstrząsający dokument z czasów II wojny światowej, będący świadectwem okrucieństwa i ludzkich cierpień. Nałkowska opisuje prawdziwe historie ofiar wojny, koncentrując się na losach kobiet i ich dramatycznych doświadczeniach podczas okupacji.", "total_copies": 7, "ai_image": "book_covers/Dzienniki_gwałtu_cover.jpg"}}, {"model": "books.book", "pk": 11, "fields": {"title": "II wojna światowa", "author": "Martin Gilbert", "category": 3, "published_date": "1989-12-31", "isbn": "9788375100320", "description": "Wyjątkowa kronika jednego z najważniejszych i najbardziej dramatycznych konfliktów w historii ludzkości. Książka przedstawia przebieg II wojny światowej od jej przyczyn, przez kluczowe bitwy i decyzje polityczne, po jej tragiczne konsekwencje dla całego świata. Martin Gilbert, wybitny historyk, opiera się na bogatych materiałach źródłowych, w tym dokumentach i relacjach świadków, tworząc wnikliwy obraz wojennego chaosu, bohaterstwa i cierpienia.", "total_copies": 4, "ai_image": "book_covers/II_wojna_światowa_cover.jpg"}}, {"model": "books.customuser", "pk": 1, "fields": {"password": "pbkdf2_sha256$870000$TMZF6kmG3acZeVmqQfhh0w$AE+7a0yaBVuLRacW7V+fGEtecoKMgsXX88fSJNZtOPo=", "last_login": null, "is_superuser": true, "username": "admin", "first_name": "Library", "last_name": "Admin", "email": "admin@library.com", "is_staff": true, "date_joined": "2025-01-20T09:38:34.301Z", "phone": "+48123456789", "is_employee": true, "is_admin": true, "is_active": true, "groups": [], "user_permissions": []}}, {"model": "books.customuser", "pk": 2, "fields": {"password": "pbkdf2_sha256$870000$nhsnwSEsIdr8LYsYXO1cFE$sg1QCVJGlX4f6TXFf7KypWzgo9YkUWN+LamAmj2uDRE=", "last_login": "2025-01-21T11:30:29.684Z", "is_superuser": false, "username": "john_doe", "first_name": "John", "last_name": "Doe", "email": "john.doe@example.com", "is_staff": false, "date_joined": "2025-01-20T09:38:34.302Z", "phone": "+48987654321", "is_employee": false, "is_admin": false, "is_active": true, "groups": [], "user_permissions": []}}, {"model": "books.customuser", "pk": 3, "fields": {"password": "pbkdf2_sha256$870000$rz2iekkauN75vbC1mokBJL$OHvP0gELO7wz2+QOaTc0HbjQk5833ZSErRdP0ngoUx4=", "last_login": null, "is_superuser": false, "username": "jane_smith", "first_name": "Jane", "last_name": "Smith", "email": "jane.smith@example.com", "is_staff": false, "date_joined": "2025-01-20T09:38:34.303Z", "phone": "+48567890123", "is_employee": false, "is_admin": false, "is_active": true, "groups": [], "user_permissions": []}}, {"model": "books.customuser", "pk": 4, "fields": {"password": "pbkdf2_sha256$870000$OeMfwO9OVHfJuB4jMKOEEs$rYf76CcT+as4gWhUUSuv59GTUiVPgtVbRN3G4ZQyuaM=", "last_login": "2025-01-21T11:34:44.033Z", "is_superuser": false, "username": "alice_jones", "first_name": "Alice", "last_name": "Jones", "email": "alice.jones@example.com", "is_staff": false, "date_joined": "2025-01-20T09:38:34.303Z", "phone": "+48123456790", "is_employee": false, "is_admin": false, "is_active": true, "groups": [], "user_permissions": []}}, {"model": "books.customuser", "pk": 5, "fields": {"password": "pbkdf2_sha256$870000$CkncBKNsu8W7MyOcQqwgsE$nKMbQuKMI2U8WJeg2YGlhUhQYHLcjbEMfu/MvL266mo=", "last_login": null, "is_superuser": false, "username": "bob_brown", "first_name": "Bob", "last_name": "Brown", "email": "bob.brown@example.com", "is_staff": false, "date_joined": "2025-01-20T09:38:34.304Z", "phone": "+48987654322", "is_employee": false, "is_admin": false, "is_active": true, "groups": [], "user_permissions": []}}, {"model": "books.customuser", "pk": 6, "fields": {"password": "pbkdf2_sha256$870000$3bbDX1qocZeSYWfBS9CcQY$kiVKQs+wkJEuRu5D75FiaAcbeDlZWu7rhUR8cU69nW4=", "last_login": null, "is_superuser": false, "username": "jan_nowak", "first_name": "Jan", "last_name": "Nowak", "email": "jan.nowak@example.com", "is_staff": false, "date_joined": "2025-01-20T09:38:34.304Z", "phone": "+48987554322", "is_employee": false, "is_admin": false, "is_active": true, "groups": [], "user_permissions": []}}, {"model": "books.customuser", "pk": 7, "fields": {"password": "pbkdf2_sha256$870000$FDniLDcuH4tH9IucB3INsB$bf3mrgUcuefuviARRftdpYat+DiyILJnfULG0dED5lo=", "last_login": "2024-12-01T20:56:58Z", "is_superuser": true, "username": "Admin", "first_name": "", "last_name": "", "email": "admin@wp.pl", "is_staff": true, "date_joined": "2024-12-01T20:56:48Z", "phone": null, "is_employee": true, "is_admin": true, "is_active": true, "groups": [], "user_permissions": []}}, {"model": "books.customuser", "pk": 8, "fields": {"password": "pbkdf2_sha256$870000$JulVMOwGRKuCZHBpQYeb81$Jsmi+8vx72sOiB1zgBmf2s01H2Fa2Yg9cbmYew8CBpc=", "last_login": "2025-01-21T11:35:35.709Z", "is_superuser": false, "username": "TestUser", "first_name": "Test", "last_name": "User", "email": "test@wp.pl", "is_staff": false, "date_joined": "2024-12-01T21:07:04.450Z", "phone": "667990332", "is_employee": false, "is_admin": false, "is_active": true, "groups": [], "user_permissions": []}}, {"model": "books.customuser", "pk": 9, "fields": {"password": "pbkdf2_sha256$870000$an0HLGtssz6igizhSdUm0J$x7We1ZcNUidkmjCHU30QWcPEFIlMnGiR4WsSIuLAqx8=", "last_login": "2025-01-21T11:31:25.195Z", "is_superuser": false, "username": "TestBibliotekarz", "first_name": "Test", "last_name": "Bibliotekarz", "email": "bibliotekarz@wp.pl", "is_staff": false, "date_joined": "2024-12-01T21:13:24.575Z", "phone": "679337221", "is_employee": true, "is_admin": false, "is_active": true, "groups": [], "user_permissions": []}}, {"model": "books.badge", "pk": 1, "fields": {"user": 1, "first_book": false, "ten_books": false, "twenty_books": false, "hundred_books": false, "three_categories": false}}, {"model": "books.badge", "pk": 2, "fields": {"user": 2, "first_book": true, "ten_books": false, "twenty_books": false, "hundred_books": false, "three_categories": true}}, {"model": "books.badge", "pk": 3, "fields": {"user": 3, "first_book": false, "ten_books": false, "twenty_books": false, "hundred_books": false, "three_categories": false}}, {"model": "books.badge", "pk": 4, "fields": {"user": 4, "first_book": true, "ten_books": false, "twenty_books": false, "hundred_books": false, "three_categories": false}}, {"model": "books.badge", "pk": 5, "fields": {"user": 5, "first_book": false, "ten_books": false, "twenty_books": false, "hundred_books": false, "three_categories": false}}, {"model": "books.badge", "pk": 6, "fields": {"user": 6, "first_book": false, "ten_books": false, "twenty_books": false, "hundred_books": false, "three_categories": false}}, {"model": "books.badge", "pk": 7, "fields": {"user": 7, "first_book": false, "ten_books": false, "twenty_books": false, "hundred_books": false, "three_categories": false}}, {"model": "books.badge", "pk": 8, "fields": {"user": 8, "first_book": true, "ten_books": false, "twenty_books": false, "hundred_books": false, "three_categories": true}}, {"model": "books.badge", "pk": 9, "fields": {"user": 9, "first_book": false, "ten_books": false, "twenty_books": false, "hundred_books": false, "three_categories": false}}, {"model": "books.bookcopy", "pk": 1, "fields": {"book": 1, "is_available": false, "borrower": 2}}, {"model": "books.bookcopy", "pk": 2, "fields": {"book": 1, "is_available": true, "borrower": null}}, {"model": "books.bookcopy", "pk": 3, "fields": {"book": 1, "is_available": false, "borrower": 1}}, {"model": "books.bookcopy", "pk": 4, "fields": {"book": 1, "is_available": true, "borrower": null}}, {"model": "books.bookcopy", "pk": 5, "fields": {"book": 1, "is_available": true, "borrower": null}}, {"model": "books.bookcopy", "pk": 6, "fields": {"book": 2, "is_available": false, "borrower": 3}}, {"model": "books.bookcopy", "pk": 7, "fields": {"book": 2, "is_available": true, "borrower": null}}, {"model": "books.bookcopy", "pk": 8, "fields": {"book": 2, "is_available": false, "borrower": 1}}, {"model": "books.bookcopy", "pk": 9, "fields": {"book": 3, "is_available": false, "borrower": 2}}, {"model": "books.bookcopy", "pk": 10, "fields": {"book": 4, "is_available": true, "borrower": null}}, {"model": "books.bookcopy", "pk": 11, "fields": {"book": 4, "is_available": false, "borrower": 4}}, {"model": "books.bookcopy", "pk": 12, "fields": {"book": 5, "is_available": false, "borrower": 5}}, {"model": "books.bookcopy", "pk": 13, "fields": {"book": 5, "is_available": true, "borrower": null}}, {"model": "books.bookcopy", "pk": 14, "fields": {"book": 5, "is_available": true, "borrower": null}}, {"model": "books.bookcopy", "pk": 15, "fields": {"book": 6, "is_available": false, "borrower": 4}}, {"model": "books.bookcopy", "pk": 16, "fields": {"book": 6, "is_available": true, "borrower": null}}, {"model": "books.bookcopy", "pk": 17, "fields": {"book": 6, "is_available": true, "borrower": null}}, {"model": "books.bookcopy", "pk": 18, "fields": {"book": 6, "is_available": true, "borrower": null}}, {"model": "books.bookcopy", "pk": 19, "fields": {"book": 6, "is_available": true, "borrower": null}}, {"model": "books.bookcopy", "pk": 20, "fields": {"book": 7, "is_available": true, "borrower": null}}, {"model": "books.bookcopy", "pk": 21, "fields": {"book": 7, "is_available": true, "borrower": null}}, {"model": "books.bookcopy", "pk": 22, "fields": {"book": 7, "is_available": true, "borrower": null}}, {"model": "books.bookcopy", "pk": 23, "fields": {"book": 7, "is_available": true, "borrower": null}}, {"model": "books.bookcopy", "pk": 24, "fields": {"book": 7, "is_available": true, "borrower": null}}, {"model": "books.bookcopy", "pk": 25, "fields": {"book": 7, "is_available": true, "borrower": null}}, {"model": "books.bookcopy", "pk": 26, "fields": {"book": 8, "is_available": true, "borrower": null}}, {"model": "books.bookcopy", "pk": 27, "fields": {"book": 8, "is_available": true, "borrower": null}}, {"model": "books.bookcopy", "pk": 28, "fields": {"book": 8, "is_available": true, "borrower": null}}, {"model": "books.bookcopy", "pk": 29, "fields": {"book": 8, "is_available": true, "borrower": null}}, {"model": "books.bookcopy", "pk": 30, "fields": {"book": 8, "is_available": true, "borrower": null}}, {"model": "books.bookcopy", "pk": 31, "fields": {"book": 8, "is_available": true, "borrower": null}}, {"model": "books.bookcopy", "pk": 32, "fields": {"book": 8, "is_available": true, "borrower": null}}, {"model": "books.bookcopy", "pk": 33, "fields": {"book": 8, "is_available": true, "borrower": null}}, {"model": "books.bookcopy", "pk": 34, "fields": {"book": 8, "is_available": true, "borrower": null}}, {"model": "books.bookcopy", "pk": 35, "fields": {"book": 8, "is_available": true, "borrower": null}}, {"model": "books.bookcopy", "pk": 36, "fields": {"book": 9, "is_available": true, "borrower": null}}, {"model": "books.bookcopy", "pk": 37, "fields": {"book": 9, "is_available": true, "borrower": null}}, {"model": "books.bookcopy", "pk": 38, "fields": {"book": 9, "is_available": true, "borrower": null}}, {"model": "books.bookcopy", "pk": 39, "fields": {"book": 10, "is_available": true, "borrower": null}}, {"model": "books.bookcopy", "pk": 40, "fields": {"book": 10, "is_available": true, "borrower": null}}, {"model": "books.bookcopy", "pk": 41, "fields": {"book": 10, "is_available": true, "borrower": null}}, {"model": "books.bookcopy", "pk": 42, "fields": {"book": 10, "is_available": true, "borrower": null}}, {"model": "books.bookcopy", "pk": 43, "fields": {"book": 10, "is_available": true, "borrower": null}}, {"model": "books.bookcopy", "pk": 44, "fields": {"book": 10, "is_available": true, "borrower": null}}, {"model": "books.bookcopy", "pk": 45, "fields": {"book": 10, "is_available": true, "borrower": null}}, {"model": "books.bookcopy", "pk": 46, "fields": {"book": 11, "is_available": false, "borrower": 4}}, {"model": "books.bookcopy", "pk": 47, "fields": {"book": 11, "is_available": true, "borrower": null}}, {"model": "books.bookcopy", "pk": 48, "fields": {"book": 11, "is_available": true, "borrower": null}}, {"model": "books.bookcopy", "pk": 49, "fields": {"book": 11, "is_available": true, "borrower": null}}, {"model": "books.bookrental", "pk": 1, "fields": {"book_copy": 1, "user": 2, "rental_date": "2024-02-01", "due_date": "2024-03-06", "return_date": null, "is_extended": true, "status": "rented", "fine": null}}, {"model": "books.bookrental", "pk": 2, "fields": {"book_copy": 3, "user": 1, "rental_date": "2024-01-15", "due_date": "2024-02-14", "return_date": null, "is_extended": false, "status": "rented", "fine": null}}, {"model": "books.bookrental", "pk": 3, "fields": {"book_copy": 6, "user": 3, "rental_date": "2024-01-20", "due_date": "2024-02-19", "return_date": null, "is_extended": true, "status": "rented", "fine": null}}, {"model": "books.bookrental", "pk": 4, "fields": {"book_copy": 8, "user": 1, "rental_date": "2024-02-10", "due_date": "2024-03-10", "return_date": null, "is_extended": false, "status": "rented", "fine": null}}, {"model": "books.bookrental", "pk": 5, "fields": {"book_copy": 11, "user": 4, "rental_date": "2024-01-05", "due_date": "2024-02-04", "return_date": "2024-02-03", "is_extended": false, "status": "returned", "fine": null}}, {"model": "books.bookrental", "pk": 6, "fields": {"book_copy": 12, "user": 5, "rental_date": "2024-01-12", "due_date": "2024-02-11", "return_date": null, "is_extended": true, "status": "rented", "fine": null}}, {"model": "books.bookrental", "pk": 7, "fields": {"book_copy": 14, "user": 2, "rental_date": "2024-02-01", "due_date": "2024-02-28", "return_date": "2025-01-21", "is_extended": false, "status": "returned", "fine": null}}, {"model": "books.bookrental", "pk": 8, "fields": {"book_copy": 2, "user": 6, "rental_date": "2024-12-01", "due_date": "2024-12-31", "return_date": "2024-12-01", "is_extended": false, "status": "returned", "fine": null}}, {"model": "books.bookrental", "pk": 9, "fields": {"book_copy": 4, "user": 6, "rental_date": "2024-12-01", "due_date": "2024-12-31", "return_date": "2024-12-01", "is_extended": false, "status": "returned", "fine": null}}, {"model": "books.bookrental", "pk": 10, "fields": {"book_copy": 9, "user": 6, "rental_date": "2024-12-01", "due_date": "2024-12-31", "return_date": "2024-12-01", "is_extended": false, "status": "returned", "fine": null}}, {"model": "books.bookrental", "pk": 11, "fields": {"book_copy": 2, "user": 8, "rental_date": "2024-12-01", "due_date": "2025-01-07", "return_date": "2024-12-01", "is_extended": true, "status": "returned", "fine": null}}, {"model": "books.bookrental", "pk": 12, "fields": {"book_copy": 7, "user": 8, "rental_date": "2024-12-01", "due_date": "2025-01-07", "return_date": null, "is_extended": true, "status": "rented", "fine": null}}, {"model": "books.bookrental", "pk": 13, "fields": {"book_copy": 10, "user": 8, "rental_date": "2024-12-01", "due_date": "2024-12-31", "return_date": "2024-12-01", "is_extended": false, "status": "returned", "fine": null}}, {"model": "books.bookrental", "pk": 14, "fields": {"book_copy": 13, "user": 8, "rental_date": "2024-12-01", "due_date": "2024-12-31", "return_date": "2024-12-01", "is_extended": false, "status": "returned", "fine": null}}, {"model": "books.bookrental", "pk": 15, "fields": {"book_copy": 13, "user": 8, "rental_date": "2024-12-01", "due_date": "2024-12-31", "return_date": null, "is_extended": false, "status": "rented", "fine": null}}, {"model": "books.bookrental", "pk": 16, "fields": {"book_copy": 9, "user": 2, "rental_date": "2025-01-21", "due_date": "2025-02-20", "return_date": null, "is_extended": false, "status": "pending", "fine": null}}, {"model": "books.bookrental", "pk": 17, "fields": {"book_copy": 46, "user": 4, "rental_date": "2025-01-21", "due_date": "2025-02-20", "return_date": null, "is_extended": false, "status": "rented", "fine": null}}, {"model": "books.bookrental", "pk": 18, "fields": {"book_copy": 15, "user": 4, "rental_date": "2025-01-21", "due_date": "2025-02-20", "return_date": null, "is_extended": false, "status": "rented", "fine": null}}, {"model": "books.opinion", "pk": 2, "fields": {"book": 2, "user": 3, "rate": 4, "comment": "Ekscytująca przygoda w fantastycznym świecie!", "created_at": "2024-01-25"}}, {"model": "books.opinion", "pk": 3, "fields": {"book": 3, "user": 4, "rate": 5, "comment": "Pouczająca i wciągająca lektura dla entuzjastów historii.", "created_at": "2024-02-01"}}, {"model": "books.opinion", "pk": 4, "fields": {"book": 4, "user": 5, "rate": 3, "comment": "Przeciętna książka, choć tempo akcji było trochę niepasujące.", "created_at": "2024-02-05"}}, {"model": "books.opinion", "pk": 5, "fields": {"book": 5, "user": 1, "rate": 4, "comment": "Świetne koncepcje, ale mogłoby być więcej głębi w fabule.", "created_at": "2024-02-10"}}, {"model": "books.opinion", "pk": 6, "fields": {"book": 1, "user": 3, "rate": 5, "comment": "Wciąż jedna z najlepszych powieści science fiction, jakie czytałem!", "created_at": "2024-02-12"}}, {"model": "books.opinion", "pk": 7, "fields": {"book": 1, "user": 8, "rate": 5, "comment": "Świetne doświadczenie!", "created_at": "2024-12-01"}}, {"model": "books.opinion", "pk": 8, "fields": {"book": 2, "user": 8, "rate": 3, "comment": "Przeciętne", "created_at": "2024-12-01"}}, {"model": "books.notification", "pk": 1, "fields": {"user": 2, "book": 1, "is_available": true, "message": "Książka Dune jest gotowa do wypożyczenia", "is_read": false, "created_at": "2024-01-15T10:30:00Z"}}, {"model": "books.notification", "pk": 2, "fields": {"user": 3, "book": 2, "is_available": false, "message": "Your rented book 'The Lord of the Rings' is due on 2024-02-09", "is_read": false, "created_at": "2024-01-10T14:45:00Z"}}, {"model": "books.notification", "pk": 3, "fields": {"user": 6, "book": 3, "is_available": true, "message": "Książka The Hobbit jest gotowa do wypożyczenia", "is_read": false, "created_at": "2024-12-01T20:59:23.824Z"}}, {"model": "books.notification", "pk": 4, "fields": {"user": 8, "book": 4, "is_available": true, "message": "Książka Zabić Drozda jest gotowa do wypożyczenia", "is_read": false, "created_at": "2024-12-01T21:08:09.167Z"}}, {"model": "books.notification", "pk": 5, "fields": {"user": 2, "book": 5, "is_available": true, "message": "Zwrot książki Wielki Gatsby został zatwierdzony", "is_read": false, "created_at": "2025-01-21T11:34:26.473Z"}}]